gene,mean_abs_shap
ALPL,0.01
CTSK,0.006666667
SCN9A,0.006666667
PIK3R3,0.006666667
CYP26B1,0.006666667
COL20A1,0.006666667
CRIP2,0.006666667
SHANK3,0.006666667
RGS2,0.006666667
BCL2A1,0.006666667
IGFBP2,0.006666667
